Satellite_Type,Index,Orbit_Num,Sat_Num,Altitude_km,Inclination_deg,Eccentricity,Arg_of_Perigee_deg,Mean_Anomaly_deg,RAAN_deg,UserBeamType,FeederType
Inclined,1,1,1,1335,72.9239,0,90,0,0,Gen2_User_Typical_SM,Gen2_Feeder_Typical
Inclined,2,1,2,1335,72.9239,0,90,16.3636,0,Gen2_User_Typical_SM,Gen2_Feeder_Typical
Inclined,3,1,3,1335,72.9239,0,90,32.7273,0,Gen2_User_Typical_SM,Gen2_Feeder_Typical
Inclined,4,1,4,1335,72.9239,0,90,65.4546,0,Gen2_User_Typical_SM,Gen2_Feeder_Typical
Inclined,5,1,5,1335,72.9239,0,90,98.1819,0,Gen2_User_Typical_SM,Gen2_Feeder_Typical
Inclined,6,1,6,1335,72.9239,0,90,130.9092,0,Gen2_User_Typical_SM,Gen2_Feeder_Typical
Inclined,7,1,7,1335,72.9239,0,90,163.6365,0,Gen2_User_Typical_SM,Gen2_Feeder_Typical
Inclined,8,1,8,1335,72.9239,0,90,196.3638,0,Gen2_User_Typical_SM,Gen2_Feeder_Typical
Inclined,9,1,9,1335,72.9239,0,90,229.0911,0,Gen2_User_Typical_SM,Gen2_Feeder_Typical
Inclined,10,1,10,1335,72.9239,0,90,261.8184,0,Gen2_User_Typical_SM,Gen2_Feeder_Typical
Inclined,11,1,11,1335,72.9239,0,90,294.5457,0,Gen2_User_Typical_SM,Gen2_Feeder_Typical
Inclined,12,1,12,1335,72.9239,0,90,327.273,0,Gen2_User_Typical_SM,Gen2_Feeder_Typical
Inclined,13,2,1,1335,72.9239,0,90,2.5175,27.6923,Gen2_User_Typical_SM,Gen2_Feeder_Typical
Inclined,14,2,2,1335,72.9239,0,90,35.2448,27.6923,Gen2_User_Typical_SM,Gen2_Feeder_Typical
Inclined,15,2,3,1335,72.9239,0,90,67.9721,27.6923,Gen2_User_Typical_SM,Gen2_Feeder_Typical
Inclined,16,2,4,1335,72.9239,0,90,100.6994,27.6923,Gen2_User_Typical_SM,Gen2_Feeder_Typical
Inclined,17,2,5,1335,72.9239,0,90,117.0629,27.6923,Gen2_User_Typical_SM,Gen2_Feeder_Typical
Inclined,18,2,6,1335,72.9239,0,90,133.4267,27.6923,Gen2_User_Typical_SM,Gen2_Feeder_Typical
Inclined,19,2,7,1335,72.9239,0,90,166.154,27.6923,Gen2_User_Typical_SM,Gen2_Feeder_Typical
Inclined,20,2,8,1335,72.9239,0,90,198.8813,27.6923,Gen2_User_Typical_SM,Gen2_Feeder_Typical
Inclined,21,2,9,1335,72.9239,0,90,231.6086,27.6923,Gen2_User_Typical_SM,Gen2_Feeder_Typical
Inclined,22,2,10,1335,72.9239,0,90,264.3359,27.6923,Gen2_User_Typical_SM,Gen2_Feeder_Typical
Inclined,23,2,11,1335,72.9239,0,90,297.0632,27.6923,Gen2_User_Typical_SM,Gen2_Feeder_Typical
Inclined,24,2,12,1335,72.9239,0,90,329.7905,27.6923,Gen2_User_Typical_SM,Gen2_Feeder_Typical
Inclined,25,3,1,1335,72.9239,0,90,5.035,55.3846,Gen2_User_Typical_SM,Gen2_Feeder_Typical
Inclined,26,3,2,1335,72.9239,0,90,37.7623,55.3846,Gen2_User_Typical_SM,Gen2_Feeder_Typical
Inclined,27,3,3,1335,72.9239,0,90,70.4896,55.3846,Gen2_User_Typical_SM,Gen2_Feeder_Typical
Inclined,28,3,4,1335,72.9239,0,90,103.2169,55.3846,Gen2_User_Typical_SM,Gen2_Feeder_Typical
Inclined,29,3,5,1335,72.9239,0,90,135.9442,55.3846,Gen2_User_Typical_SM,Gen2_Feeder_Typical
Inclined,30,3,6,1335,72.9239,0,90,168.6715,55.3846,Gen2_User_Typical_SM,Gen2_Feeder_Typical
Inclined,31,3,7,1335,72.9239,0,90,201.3988,55.3846,Gen2_User_Typical_SM,Gen2_Feeder_Typical
Inclined,32,3,8,1335,72.9239,0,90,217.7622,55.3846,Gen2_User_Typical_SM,Gen2_Feeder_Typical
Inclined,33,3,9,1335,72.9239,0,90,234.1261,55.3846,Gen2_User_Typical_SM,Gen2_Feeder_Typical
Inclined,34,3,10,1335,72.9239,0,90,266.8534,55.3846,Gen2_User_Typical_SM,Gen2_Feeder_Typical
Inclined,35,3,11,1335,72.9239,0,90,299.5807,55.3846,Gen2_User_Typical_SM,Gen2_Feeder_Typical
Inclined,36,3,12,1335,72.9239,0,90,332.308,55.3846,Gen2_User_Typical_SM,Gen2_Feeder_Typical
Inclined,37,4,1,1335,72.9239,0,90,7.5525,83.0769,Gen2_User_Typical_SM,Gen2_Feeder_Typical
Inclined,38,4,2,1335,72.9239,0,90,40.28,83.0769,Gen2_User_Typical_SM,Gen2_Feeder_Typical
Inclined,39,4,3,1335,72.9239,0,90,73.007,83.0769,Gen2_User_Typical_SM,Gen2_Feeder_Typical
Inclined,40,4,4,1335,72.9239,0,90,105.734,83.0769,Gen2_User_Typical_SM,Gen2_Feeder_Typical
Inclined,41,4,5,1335,72.9239,0,90,138.462,83.0769,Gen2_User_Typical_SM,Gen2_Feeder_Typical
Inclined,42,4,6,1335,72.9239,0,90,171.189,83.0769,Gen2_User_Typical_SM,Gen2_Feeder_Typical
Inclined,43,4,7,1335,72.9239,0,90,203.916,83.0769,Gen2_User_Typical_SM,Gen2_Feeder_Typical
Inclined,44,4,8,1335,72.9239,0,90,236.644,83.0769,Gen2_User_Typical_SM,Gen2_Feeder_Typical
Inclined,45,4,9,1335,72.9239,0,90,269.371,83.0769,Gen2_User_Typical_SM,Gen2_Feeder_Typical
Inclined,46,4,10,1335,72.9239,0,90,302.098,83.0769,Gen2_User_Typical_SM,Gen2_Feeder_Typical
Inclined,47,4,11,1335,72.9239,0,90,318.462,83.0769,Gen2_User_Typical_SM,Gen2_Feeder_Typical
Inclined,48,4,12,1335,72.9239,0,90,334.826,83.0769,Gen2_User_Typical_SM,Gen2_Feeder_Typical
Inclined,49,5,1,1335,72.9239,0,90,10.07,110.7692,Gen2_User_Typical_SM,Gen2_Feeder_Typical
Inclined,50,5,2,1335,72.9239,0,90,42.797,110.7692,Gen2_User_Typical_SM,Gen2_Feeder_Typical
Inclined,51,5,3,1335,72.9239,0,90,59.161,110.7692,Gen2_User_Typical_SM,Gen2_Feeder_Typical
Inclined,52,5,4,1335,72.9239,0,90,75.525,110.7692,Gen2_User_Typical_SM,Gen2_Feeder_Typical
Inclined,53,5,5,1335,72.9239,0,90,108.252,110.7692,Gen2_User_Typical_SM,Gen2_Feeder_Typical
Inclined,54,5,6,1335,72.9239,0,90,140.979,110.7692,Gen2_User_Typical_SM,Gen2_Feeder_Typical
Inclined,55,5,7,1335,72.9239,0,90,173.707,110.7692,Gen2_User_Typical_SM,Gen2_Feeder_Typical
Inclined,56,5,8,1335,72.9239,0,90,206.434,110.7692,Gen2_User_Typical_SM,Gen2_Feeder_Typical
Inclined,57,5,9,1335,72.9239,0,90,239.161,110.7692,Gen2_User_Typical_SM,Gen2_Feeder_Typical
Inclined,58,5,10,1335,72.9239,0,90,271.888,110.7692,Gen2_User_Typical_SM,Gen2_Feeder_Typical
Inclined,59,5,11,1335,72.9239,0,90,304.616,110.7692,Gen2_User_Typical_SM,Gen2_Feeder_Typical
Inclined,60,5,12,1335,72.9239,0,90,337.343,110.7692,Gen2_User_Typical_SM,Gen2_Feeder_Typical
Inclined,61,6,1,1335,72.9239,0,90,12.588,138.4615,Gen2_User_Typical_SM,Gen2_Feeder_Typical
Inclined,62,6,2,1335,72.9239,0,90,45.315,138.4615,Gen2_User_Typical_SM,Gen2_Feeder_Typical
Inclined,63,6,3,1335,72.9239,0,90,78.042,138.4615,Gen2_User_Typical_SM,Gen2_Feeder_Typical
Inclined,64,6,4,1335,72.9239,0,90,110.769,138.4615,Gen2_User_Typical_SM,Gen2_Feeder_Typical
Inclined,65,6,5,1335,72.9239,0,90,143.497,138.4615,Gen2_User_Typical_SM,Gen2_Feeder_Typical
Inclined,66,6,6,1335,72.9239,0,90,159.86,138.4615,Gen2_User_Typical_SM,Gen2_Feeder_Typical
Inclined,67,6,7,1335,72.9239,0,90,176.224,138.4615,Gen2_User_Typical_SM,Gen2_Feeder_Typical
Inclined,68,6,8,1335,72.9239,0,90,208.951,138.4615,Gen2_User_Typical_SM,Gen2_Feeder_Typical
Inclined,69,6,9,1335,72.9239,0,90,241.679,138.4615,Gen2_User_Typical_SM,Gen2_Feeder_Typical
Inclined,70,6,10,1335,72.9239,0,90,274.406,138.4615,Gen2_User_Typical_SM,Gen2_Feeder_Typical
Inclined,71,6,11,1335,72.9239,0,90,307.133,138.4615,Gen2_User_Typical_SM,Gen2_Feeder_Typical
Inclined,72,6,12,1335,72.9239,0,90,339.861,138.4615,Gen2_User_Typical_SM,Gen2_Feeder_Typical
Inclined,73,7,1,1335,72.9239,0,90,15.105,166.1538,Gen2_User_Typical_SM,Gen2_Feeder_Typical
Inclined,74,7,2,1335,72.9239,0,90,47.832,166.1538,Gen2_User_Typical_SM,Gen2_Feeder_Typical
Inclined,75,7,3,1335,72.9239,0,90,80.56,166.1538,Gen2_User_Typical_SM,Gen2_Feeder_Typical
Inclined,76,7,4,1335,72.9239,0,90,113.287,166.1538,Gen2_User_Typical_SM,Gen2_Feeder_Typical
Inclined,77,7,5,1335,72.9239,0,90,146.014,166.1538,Gen2_User_Typical_SM,Gen2_Feeder_Typical
Inclined,78,7,6,1335,72.9239,0,90,178.742,166.1538,Gen2_User_Typical_SM,Gen2_Feeder_Typical
Inclined,79,7,7,1335,72.9239,0,90,211.469,166.1538,Gen2_User_Typical_SM,Gen2_Feeder_Typical
Inclined,80,7,8,1335,72.9239,0,90,244.196,166.1538,Gen2_User_Typical_SM,Gen2_Feeder_Typical
Inclined,81,7,9,1335,72.9239,0,90,260.559,166.1538,Gen2_User_Typical_SM,Gen2_Feeder_Typical
Inclined,82,7,10,1335,72.9239,0,90,276.923,166.1538,Gen2_User_Typical_SM,Gen2_Feeder_Typical
Inclined,83,7,11,1335,72.9239,0,90,309.651,166.1538,Gen2_User_Typical_SM,Gen2_Feeder_Typical
Inclined,84,7,12,1335,72.9239,0,90,342.378,166.1538,Gen2_User_Typical_SM,Gen2_Feeder_Typical
Inclined,85,8,1,1335,72.9239,0,90,17.623,193.8461,Gen2_User_Typical_SM,Gen2_Feeder_Typical
Inclined,86,8,2,1335,72.9239,0,90,33.986,193.8461,Gen2_User_Typical_SM,Gen2_Feeder_Typical
Inclined,87,8,3,1335,72.9239,0,90,50.35,193.8461,Gen2_User_Typical_SM,Gen2_Feeder_Typical
Inclined,88,8,4,1335,72.9239,0,90,83.077,193.8461,Gen2_User_Typical_SM,Gen2_Feeder_Typical
Inclined,89,8,5,1335,72.9239,0,90,115.804,193.8461,Gen2_User_Typical_SM,Gen2_Feeder_Typical
Inclined,90,8,6,1335,72.9239,0,90,148.532,193.8461,Gen2_User_Typical_SM,Gen2_Feeder_Typical
Inclined,91,8,7,1335,72.9239,0,90,181.259,193.8461,Gen2_User_Typical_SM,Gen2_Feeder_Typical
Inclined,92,8,8,1335,72.9239,0,90,213.986,193.8461,Gen2_User_Typical_SM,Gen2_Feeder_Typical
Inclined,93,8,9,1335,72.9239,0,90,246.714,193.8461,Gen2_User_Typical_SM,Gen2_Feeder_Typical
Inclined,94,8,10,1335,72.9239,0,90,279.441,193.8461,Gen2_User_Typical_SM,Gen2_Feeder_Typical
Inclined,95,8,11,1335,72.9239,0,90,312.168,193.8461,Gen2_User_Typical_SM,Gen2_Feeder_Typical
Inclined,96,8,12,1335,72.9239,0,90,344.896,193.8461,Gen2_User_Typical_SM,Gen2_Feeder_Typical
Inclined,97,9,1,1325,48.9,0,90,0,0,Gen2_User_Typical_SM,Gen2_Feeder_Typical
Inclined,98,9,2,1325,48.9,0,90,13.333,0,Gen2_User_Typical_SM,Gen2_Feeder_Typical
Inclined,99,9,3,1325,48.9,0,90,40,0,Gen2_User_Typical_SM,Gen2_Feeder_Typical
Inclined,100,9,4,1325,48.9,0,90,80,0,Gen2_User_Typical_SM,Gen2_Feeder_Typical
Inclined,101,9,5,1325,48.9,0,90,120,0,Gen2_User_Typical_SM,Gen2_Feeder_Typical
Inclined,102,9,6,1325,48.9,0,90,160,0,Gen2_User_Typical_SM,Gen2_Feeder_Typical
Inclined,103,9,7,1325,48.9,0,90,200,0,Gen2_User_Typical_SM,Gen2_Feeder_Typical
Inclined,104,9,8,1325,48.9,0,90,240,0,Gen2_User_Typical_SM,Gen2_Feeder_Typical
Inclined,105,9,9,1325,48.9,0,90,280,0,Gen2_User_Typical_SM,Gen2_Feeder_Typical
Inclined,106,9,10,1325,48.9,0,90,320,0,Gen2_User_Typical_SM,Gen2_Feeder_Typical
Inclined,107,10,1,1325,48.9,0,90,26.667,60,Gen2_User_Typical_SM,Gen2_Feeder_Typical
Inclined,108,10,2,1325,48.9,0,90,66.667,60,Gen2_User_Typical_SM,Gen2_Feeder_Typical
Inclined,109,10,3,1325,48.9,0,90,106.667,60,Gen2_User_Typical_SM,Gen2_Feeder_Typical
Inclined,110,10,4,1325,48.9,0,90,146.667,60,Gen2_User_Typical_SM,Gen2_Feeder_Typical
Inclined,111,10,5,1325,48.9,0,90,186.667,60,Gen2_User_Typical_SM,Gen2_Feeder_Typical
Inclined,112,10,6,1325,48.9,0,90,226.667,60,Gen2_User_Typical_SM,Gen2_Feeder_Typical
Inclined,113,10,7,1325,48.9,0,90,253.333,60,Gen2_User_Typical_SM,Gen2_Feeder_Typical
Inclined,114,10,8,1325,48.9,0,90,266.667,60,Gen2_User_Typical_SM,Gen2_Feeder_Typical
Inclined,115,10,9,1325,48.9,0,90,306.667,60,Gen2_User_Typical_SM,Gen2_Feeder_Typical
Inclined,116,10,10,1325,48.9,0,90,346.667,60,Gen2_User_Typical_SM,Gen2_Feeder_Typical
Inclined,117,11,1,1325,48.9,0,90,13.333,120,Gen2_User_Typical_SM,Gen2_Feeder_Typical
Inclined,118,11,2,1325,48.9,0,90,53.333,120,Gen2_User_Typical_SM,Gen2_Feeder_Typical
Inclined,119,11,3,1325,48.9,0,90,93.333,120,Gen2_User_Typical_SM,Gen2_Feeder_Typical
Inclined,120,11,4,1325,48.9,0,90,133.333,120,Gen2_User_Typical_SM,Gen2_Feeder_Typical
Inclined,121,11,5,1325,48.9,0,90,146.667,120,Gen2_User_Typical_SM,Gen2_Feeder_Typical
Inclined,122,11,6,1325,48.9,0,90,173.333,120,Gen2_User_Typical_SM,Gen2_Feeder_Typical
Inclined,123,11,7,1325,48.9,0,90,213.333,120,Gen2_User_Typical_SM,Gen2_Feeder_Typical
Inclined,124,11,8,1325,48.9,0,90,253.333,120,Gen2_User_Typical_SM,Gen2_Feeder_Typical
Inclined,125,11,9,1325,48.9,0,90,293.333,120,Gen2_User_Typical_SM,Gen2_Feeder_Typical
Inclined,126,11,10,1325,48.9,0,90,333.333,120,Gen2_User_Typical_SM,Gen2_Feeder_Typical
Inclined,127,12,1,1325,48.9,0,90,0,180,Gen2_User_Typical_SM,Gen2_Feeder_Typical
Inclined,128,12,2,1325,48.9,0,90,13.333,180,Gen2_User_Typical_SM,Gen2_Feeder_Typical
Inclined,129,12,3,1325,48.9,0,90,40,180,Gen2_User_Typical_SM,Gen2_Feeder_Typical
Inclined,130,12,4,1325,48.9,0,90,80,180,Gen2_User_Typical_SM,Gen2_Feeder_Typical
Inclined,131,12,5,1325,48.9,0,90,120,180,Gen2_User_Typical_SM,Gen2_Feeder_Typical
Inclined,132,12,6,1325,48.9,0,90,160,180,Gen2_User_Typical_SM,Gen2_Feeder_Typical
Inclined,133,12,7,1325,48.9,0,90,200,180,Gen2_User_Typical_SM,Gen2_Feeder_Typical
Inclined,134,12,8,1325,48.9,0,90,240,180,Gen2_User_Typical_SM,Gen2_Feeder_Typical
Inclined,135,12,9,1325,48.9,0,90,280,180,Gen2_User_Typical_SM,Gen2_Feeder_Typical
Inclined,136,12,10,1325,48.9,0,90,320,180,Gen2_User_Typical_SM,Gen2_Feeder_Typical
Inclined,137,13,1,1325,48.9,0,90,26.667,240,Gen2_User_Typical_SM,Gen2_Feeder_Typical
Inclined,138,13,2,1325,48.9,0,90,66.667,240,Gen2_User_Typical_SM,Gen2_Feeder_Typical
Inclined,139,13,3,1325,48.9,0,90,106.667,240,Gen2_User_Typical_SM,Gen2_Feeder_Typical
Inclined,140,13,4,1325,48.9,0,90,146.667,240,Gen2_User_Typical_SM,Gen2_Feeder_Typical
Inclined,141,13,5,1325,48.9,0,90,186.667,240,Gen2_User_Typical_SM,Gen2_Feeder_Typical
Inclined,142,13,6,1325,48.9,0,90,226.667,240,Gen2_User_Typical_SM,Gen2_Feeder_Typical
Inclined,143,13,7,1325,48.9,0,90,253.333,240,Gen2_User_Typical_SM,Gen2_Feeder_Typical
Inclined,144,13,8,1325,48.9,0,90,266.6667,240,Gen2_User_Typical_SM,Gen2_Feeder_Typical
Inclined,145,13,9,1325,48.9,0,90,306.6667,240,Gen2_User_Typical_SM,Gen2_Feeder_Typical
Inclined,146,13,10,1325,48.9,0,90,346.6667,240,Gen2_User_Typical_SM,Gen2_Feeder_Typical
Inclined,147,14,1,1325,48.9,0,90,13.3334,300,Gen2_User_Typical_SM,Gen2_Feeder_Typical
Inclined,148,14,2,1325,48.9,0,90,53.3334,300,Gen2_User_Typical_SM,Gen2_Feeder_Typical
Inclined,149,14,3,1325,48.9,0,90,93.3334,300,Gen2_User_Typical_SM,Gen2_Feeder_Typical
Inclined,150,14,4,1325,48.9,0,90,133.3334,300,Gen2_User_Typical_SM,Gen2_Feeder_Typical
Inclined,151,14,5,1325,48.9,0,90,146.6667,300,Gen2_User_Typical_SM,Gen2_Feeder_Typical
Inclined,152,14,6,1325,48.9,0,90,173.3334,300,Gen2_User_Typical_SM,Gen2_Feeder_Typical
Inclined,153,14,7,1325,48.9,0,90,213.3334,300,Gen2_User_Typical_SM,Gen2_Feeder_Typical
Inclined,154,14,8,1325,48.9,0,90,253.3334,300,Gen2_User_Typical_SM,Gen2_Feeder_Typical
Inclined,155,14,9,1325,48.9,0,90,293.3334,300,Gen2_User_Typical_SM,Gen2_Feeder_Typical
Inclined,156,14,10,1325,48.9,0,90,333.3334,300,Gen2_User_Typical_SM,Gen2_Feeder_Typical
Inclined,157,15,1,1315,31,0,90,0,0,Gen2_User_Typical_SM,Gen2_Feeder_Typical
Inclined,158,15,2,1315,31,0,90,40,0,Gen2_User_Typical_SM,Gen2_Feeder_Typical
Inclined,159,15,3,1315,31,0,90,80,0,Gen2_User_Typical_SM,Gen2_Feeder_Typical
Inclined,160,15,4,1315,31,0,90,120,0,Gen2_User_Typical_SM,Gen2_Feeder_Typical
Inclined,161,15,5,1315,31,0,90,160,0,Gen2_User_Typical_SM,Gen2_Feeder_Typical
Inclined,162,15,6,1315,31,0,90,200,0,Gen2_User_Typical_SM,Gen2_Feeder_Typical
Inclined,163,15,7,1315,31,0,90,240,0,Gen2_User_Typical_SM,Gen2_Feeder_Typical
Inclined,164,15,8,1315,31,0,90,280,0,Gen2_User_Typical_SM,Gen2_Feeder_Typical
Inclined,165,15,9,1315,31,0,90,320,0,Gen2_User_Typical_SM,Gen2_Feeder_Typical
Inclined,166,16,1,1315,31,0,90,20,90,Gen2_User_Typical_SM,Gen2_Feeder_Typical
Inclined,167,16,2,1315,31,0,90,60,90,Gen2_User_Typical_SM,Gen2_Feeder_Typical
Inclined,168,16,3,1315,31,0,90,100,90,Gen2_User_Typical_SM,Gen2_Feeder_Typical
Inclined,169,16,4,1315,31,0,90,140,90,Gen2_User_Typical_SM,Gen2_Feeder_Typical
Inclined,170,16,5,1315,31,0,90,180,90,Gen2_User_Typical_SM,Gen2_Feeder_Typical
Inclined,171,16,6,1315,31,0,90,220,90,Gen2_User_Typical_SM,Gen2_Feeder_Typical
Inclined,172,16,7,1315,31,0,90,260,90,Gen2_User_Typical_SM,Gen2_Feeder_Typical
Inclined,173,16,8,1315,31,0,90,300,90,Gen2_User_Typical_SM,Gen2_Feeder_Typical
Inclined,174,16,9,1315,31,0,90,340,90,Gen2_User_Typical_SM,Gen2_Feeder_Typical
Inclined,175,17,1,1315,31,0,90,0,180,Gen2_User_Typical_SM,Gen2_Feeder_Typical
Inclined,176,17,2,1315,31,0,90,40,180,Gen2_User_Typical_SM,Gen2_Feeder_Typical
Inclined,177,17,3,1315,31,0,90,80,180,Gen2_User_Typical_SM,Gen2_Feeder_Typical
Inclined,178,17,4,1315,31,0,90,120,180,Gen2_User_Typical_SM,Gen2_Feeder_Typical
Inclined,179,17,5,1315,31,0,90,160,180,Gen2_User_Typical_SM,Gen2_Feeder_Typical
Inclined,180,17,6,1315,31,0,90,200,180,Gen2_User_Typical_SM,Gen2_Feeder_Typical
Inclined,181,17,7,1315,31,0,90,240,180,Gen2_User_Typical_SM,Gen2_Feeder_Typical
Inclined,182,17,8,1315,31,0,90,280,180,Gen2_User_Typical_SM,Gen2_Feeder_Typical
Inclined,183,17,9,1315,31,0,90,320,180,Gen2_User_Typical_SM,Gen2_Feeder_Typical
Inclined,184,18,1,1315,31,0,90,20,270,Gen2_User_Typical_SM,Gen2_Feeder_Typical
Inclined,185,18,2,1315,31,0,90,60,270,Gen2_User_Typical_SM,Gen2_Feeder_Typical
Inclined,186,18,3,1315,31,0,90,100,270,Gen2_User_Typical_SM,Gen2_Feeder_Typical
Inclined,187,18,4,1315,31,0,90,140,270,Gen2_User_Typical_SM,Gen2_Feeder_Typical
Inclined,188,18,5,1315,31,0,90,180,270,Gen2_User_Typical_SM,Gen2_Feeder_Typical
Inclined,189,18,6,1315,31,0,90,220,270,Gen2_User_Typical_SM,Gen2_Feeder_Typical
Inclined,190,18,7,1315,31,0,90,260,270,Gen2_User_Typical_SM,Gen2_Feeder_Typical
Inclined,191,18,8,1315,31,0,90,300,270,Gen2_User_Typical_SM,Gen2_Feeder_Typical
Inclined,192,18,9,1315,31,0,90,340,270,Gen2_User_Typical_SM,Gen2_Feeder_Typical