PoP,LS,Latency [ms],Lat,Long,Max Active Antennas,TerminalType
Ashburn,Iron Mountain,2,41.092,-79.917,5,P390-320W
Ashburn,Los Lunas,2,34.8,-106.81,5,P390-320W
Ashburn,Sargeantsville,2,40.44,-74.95,5,P390-320W
Calgary,High River,2,50.6,-113.97,5,P390-320W
Calgary,Kamloops,2,50.67,-120.37,5,P390-320W
Calgary,Prince Albert,2,53.21,-105.93,5,P390-320W
Dubai,Al Jazirah,2,25.69,55.81,5,P390-320W
Dubai,Al Ruways,2,24.1,52.73,5,P390-320W
Dubai,Doha Qatar,2,25.22,51.41,5,P390-320W
Lima,Arica,2,-18.4,-70.3,5,P390-320W
Lima,Lurin,2,-12.25,-76.89,5,P390-320W
Marseille,Fucino,2,41.98,13.6,5,P390-320W
Marseille,"Psary, Poland",2,50.93,20.86,5,P390-320W
Marseille,Raisting-DLR,2,47.88,11.08,5,P390-320W
Melbourne,Dimboola,2,-36.46,142.06,5,P390-320W
Melbourne,Milvale,2,-34.32,147.92,5,P390-320W
Sao Paulo,Itajai,2,-26.92,-48.72,5,P390-320W
Sao Paulo,Itatiba,2,-22.97,-46.87,5,P390-320W
Sao Paulo,Porto Alegre,2,-29.86,-51.19,5,P390-320W
Tokyo,Komejima,2,35.98,139.81,5,P390-320W
Tokyo,Chitose,2,42.77,141.62,5,P390-320W
Tokyo,Osaka,2,34.86,135.51,5,P390-320W
Toronto,APK,2,44.17,-80.94,5,P390-320W
Toronto,Cantley,2,45.59,-75.81,5,P390-320W
Toronto,Timmins,2,48.47,-81.43,5,P390-320W