{
  "methodConfig": [
    {
      "name": [
        {
          "service": "google.api.servicecontrol.v1.ServiceController",
          "method": "Check"
        }
      ],
      "timeout": "5s",
      "retryPolicy": {
        "maxAttempts": 5,
        "initialBackoff": "1s",
        "maxBackoff": "10s",
        "backoffMultiplier": 1.3,
        "retryableStatusCodes": ["UNAVAILABLE"]
      }
    },
    {
      "name": [
        {
          "service": "google.api.servicecontrol.v1.ServiceController",
          "method": "Report"
        }
      ],
      "timeout": "16s"
    }
  ]
}
