{
    "analyses" : [
        {
            "name" : "test-analysis-1.1",
            "simulation" : "test-simulation-1",
            "cir-min-bps" : 27000,
            "cir-max-bps" : 29000,
            "eir-min-bps" : 30000,
            "eir-max-bps" : 32000,
            "frame-delay-min-us" : 200,
            "frame-delay-max-us" : 400,
            "ifdv-min-us" : 200,
            "ifdv-max-us" : 300,
            "path-count" : 2,
            "sampling-period-ms" : 100
        },

        {
            "name" : "test-analysis-1.2",
            "simulation" : "test-simulation-1",
            "cir-min-bps" : 27000,
            "cir-max-bps" : 29000,
            "eir-min-bps" : 30000,
            "eir-max-bps" : 32000,
            "frame-delay-min-us" : 200,
            "frame-delay-max-us" : 400,
            "ifdv-min-us" : 200,
            "ifdv-max-us" : 300,
            "path-count" : 2,
            "sampling-period-ms" : 100
        },

        {
            "name" : "test-analysis-2",
            "simulation" : "test-simulation-2",
            "cir-min-bps" : 27000,
            "cir-max-bps" : 29000,
            "eir-min-bps" : 30000,
            "eir-max-bps" : 32000,
            "frame-delay-min-us" : 200,
            "frame-delay-max-us" : 400,
            "ifdv-min-us" : 200,
            "ifdv-max-us" : 300,
            "path-count" : 2,
            "sampling-period-ms" : 100
        }

    ]
}