Satellite_Type,Index,Orbit_Num,Sat_Num,Altitude_km,Inclination_deg,Eccentricity,Arg_of_Perigee_deg,Mean_Anomaly_deg,RAAN_deg,UserBeamType,FeederType
Inclined,1,1,1,1335,72.9238848,0.0009244,90,0,0,Gen2_User_Typical_SM,Gen2_Feeder_Typical
Inclined,2,1,2,1335,72.9238848,0.0009244,90,32.72727273,0,Gen2_User_Typical_SM,Gen2_Feeder_Typical
Inclined,3,1,3,1335,72.9238848,0.0009244,90,65.45454545,0,Gen2_User_Typical_SM,Gen2_Feeder_Typical
Inclined,4,1,4,1335,72.9238848,0.0009244,90,98.18181818,0,Gen2_User_Typical_SM,Gen2_Feeder_Typical
Inclined,5,1,5,1335,72.9238848,0.0009244,90,130.9090909,0,Gen2_User_Typical_SM,Gen2_Feeder_Typical
Inclined,6,1,6,1335,72.9238848,0.0009244,90,163.6363636,0,Gen2_User_Typical_SM,Gen2_Feeder_Typical
Inclined,7,1,7,1335,72.9238848,0.0009244,90,196.3636364,0,Gen2_User_Typical_SM,Gen2_Feeder_Typical
Inclined,8,1,8,1335,72.9238848,0.0009244,90,229.0909091,0,Gen2_User_Typical_SM,Gen2_Feeder_Typical
Inclined,9,1,9,1335,72.9238848,0.0009244,90,261.8181818,0,Gen2_User_Typical_SM,Gen2_Feeder_Typical
Inclined,10,1,10,1335,72.9238848,0.0009244,90,294.5454545,0,Gen2_User_Typical_SM,Gen2_Feeder_Typical
Inclined,11,1,11,1335,72.9238848,0.0009244,90,327.2727273,0,Gen2_User_Typical_SM,Gen2_Feeder_Typical
Inclined,12,2,1,1335,72.9238848,0.0009244,90,2.517482517,27.6923,Gen2_User_Typical_SM,Gen2_Feeder_Typical
Inclined,13,2,2,1335,72.9238848,0.0009244,90,35.24475524,27.6923,Gen2_User_Typical_SM,Gen2_Feeder_Typical
Inclined,14,2,3,1335,72.9238848,0.0009244,90,67.97202797,27.6923,Gen2_User_Typical_SM,Gen2_Feeder_Typical
Inclined,15,2,4,1335,72.9238848,0.0009244,90,100.6993007,27.6923,Gen2_User_Typical_SM,Gen2_Feeder_Typical
Inclined,16,2,5,1335,72.9238848,0.0009244,90,133.4265734,27.6923,Gen2_User_Typical_SM,Gen2_Feeder_Typical
Inclined,17,2,6,1335,72.9238848,0.0009244,90,166.1538462,27.6923,Gen2_User_Typical_SM,Gen2_Feeder_Typical
Inclined,18,2,7,1335,72.9238848,0.0009244,90,198.8811189,27.6923,Gen2_User_Typical_SM,Gen2_Feeder_Typical
Inclined,19,2,8,1335,72.9238848,0.0009244,90,231.6083916,27.6923,Gen2_User_Typical_SM,Gen2_Feeder_Typical
Inclined,20,2,9,1335,72.9238848,0.0009244,90,264.3356643,27.6923,Gen2_User_Typical_SM,Gen2_Feeder_Typical
Inclined,21,2,10,1335,72.9238848,0.0009244,90,297.0629371,27.6923,Gen2_User_Typical_SM,Gen2_Feeder_Typical
Inclined,22,2,11,1335,72.9238848,0.0009244,90,329.7902098,27.6923,Gen2_User_Typical_SM,Gen2_Feeder_Typical
Inclined,23,3,1,1335,72.9238848,0.0009244,90,5.034965035,55.3846,Gen2_User_Typical_SM,Gen2_Feeder_Typical
Inclined,24,3,2,1335,72.9238848,0.0009244,90,37.76223776,55.3846,Gen2_User_Typical_SM,Gen2_Feeder_Typical
Inclined,25,3,3,1335,72.9238848,0.0009244,90,70.48951049,55.3846,Gen2_User_Typical_SM,Gen2_Feeder_Typical
Inclined,26,3,4,1335,72.9238848,0.0009244,90,103.2167832,55.3846,Gen2_User_Typical_SM,Gen2_Feeder_Typical
Inclined,27,3,5,1335,72.9238848,0.0009244,90,135.9440559,55.3846,Gen2_User_Typical_SM,Gen2_Feeder_Typical
Inclined,28,3,6,1335,72.9238848,0.0009244,90,168.6713287,55.3846,Gen2_User_Typical_SM,Gen2_Feeder_Typical
Inclined,29,3,7,1335,72.9238848,0.0009244,90,201.3986014,55.3846,Gen2_User_Typical_SM,Gen2_Feeder_Typical
Inclined,30,3,8,1335,72.9238848,0.0009244,90,234.1258741,55.3846,Gen2_User_Typical_SM,Gen2_Feeder_Typical
Inclined,31,3,9,1335,72.9238848,0.0009244,90,266.8531469,55.3846,Gen2_User_Typical_SM,Gen2_Feeder_Typical
Inclined,32,3,10,1335,72.9238848,0.0009244,90,299.5804196,55.3846,Gen2_User_Typical_SM,Gen2_Feeder_Typical
Inclined,33,3,11,1335,72.9238848,0.0009244,90,332.3076923,55.3846,Gen2_User_Typical_SM,Gen2_Feeder_Typical
Inclined,34,4,1,1335,72.9238848,0.0009244,90,7.552447552,83.0769,Gen2_User_Typical_SM,Gen2_Feeder_Typical
Inclined,35,4,2,1335,72.9238848,0.0009244,90,40.27972028,83.0769,Gen2_User_Typical_SM,Gen2_Feeder_Typical
Inclined,36,4,3,1335,72.9238848,0.0009244,90,73.00699301,83.0769,Gen2_User_Typical_SM,Gen2_Feeder_Typical
Inclined,37,4,4,1335,72.9238848,0.0009244,90,105.7342657,83.0769,Gen2_User_Typical_SM,Gen2_Feeder_Typical
Inclined,38,4,5,1335,72.9238848,0.0009244,90,138.4615385,83.0769,Gen2_User_Typical_SM,Gen2_Feeder_Typical
Inclined,39,4,6,1335,72.9238848,0.0009244,90,171.1888112,83.0769,Gen2_User_Typical_SM,Gen2_Feeder_Typical
Inclined,40,4,7,1335,72.9238848,0.0009244,90,203.9160839,83.0769,Gen2_User_Typical_SM,Gen2_Feeder_Typical
Inclined,41,4,8,1335,72.9238848,0.0009244,90,236.6433566,83.0769,Gen2_User_Typical_SM,Gen2_Feeder_Typical
Inclined,42,4,9,1335,72.9238848,0.0009244,90,269.3706294,83.0769,Gen2_User_Typical_SM,Gen2_Feeder_Typical
Inclined,43,4,10,1335,72.9238848,0.0009244,90,302.0979021,83.0769,Gen2_User_Typical_SM,Gen2_Feeder_Typical
Inclined,44,4,11,1335,72.9238848,0.0009244,90,334.8251748,83.0769,Gen2_User_Typical_SM,Gen2_Feeder_Typical
Inclined,45,5,1,1335,72.9238848,0.0009244,90,10.06993007,110.7692,Gen2_User_Typical_SM,Gen2_Feeder_Typical
Inclined,46,5,2,1335,72.9238848,0.0009244,90,42.7972028,110.7692,Gen2_User_Typical_SM,Gen2_Feeder_Typical
Inclined,47,5,3,1335,72.9238848,0.0009244,90,75.52447552,110.7692,Gen2_User_Typical_SM,Gen2_Feeder_Typical
Inclined,48,5,4,1335,72.9238848,0.0009244,90,108.2517483,110.7692,Gen2_User_Typical_SM,Gen2_Feeder_Typical
Inclined,49,5,5,1335,72.9238848,0.0009244,90,140.979021,110.7692,Gen2_User_Typical_SM,Gen2_Feeder_Typical
Inclined,50,5,6,1335,72.9238848,0.0009244,90,173.7062937,110.7692,Gen2_User_Typical_SM,Gen2_Feeder_Typical
Inclined,51,5,7,1335,72.9238848,0.0009244,90,206.4335664,110.7692,Gen2_User_Typical_SM,Gen2_Feeder_Typical
Inclined,52,5,8,1335,72.9238848,0.0009244,90,239.1608392,110.7692,Gen2_User_Typical_SM,Gen2_Feeder_Typical
Inclined,53,5,9,1335,72.9238848,0.0009244,90,271.8881119,110.7692,Gen2_User_Typical_SM,Gen2_Feeder_Typical
Inclined,54,5,10,1335,72.9238848,0.0009244,90,304.6153846,110.7692,Gen2_User_Typical_SM,Gen2_Feeder_Typical
Inclined,55,5,11,1335,72.9238848,0.0009244,90,337.3426573,110.7692,Gen2_User_Typical_SM,Gen2_Feeder_Typical
Inclined,56,6,1,1335,72.9238848,0.0009244,90,12.58741259,138.4615,Gen2_User_Typical_SM,Gen2_Feeder_Typical
Inclined,57,6,2,1335,72.9238848,0.0009244,90,45.31468531,138.4615,Gen2_User_Typical_SM,Gen2_Feeder_Typical
Inclined,58,6,3,1335,72.9238848,0.0009244,90,78.04195804,138.4615,Gen2_User_Typical_SM,Gen2_Feeder_Typical
Inclined,59,6,4,1335,72.9238848,0.0009244,90,110.7692308,138.4615,Gen2_User_Typical_SM,Gen2_Feeder_Typical
Inclined,60,6,5,1335,72.9238848,0.0009244,90,143.4965035,138.4615,Gen2_User_Typical_SM,Gen2_Feeder_Typical
Inclined,61,6,6,1335,72.9238848,0.0009244,90,176.2237762,138.4615,Gen2_User_Typical_SM,Gen2_Feeder_Typical
Inclined,62,6,7,1335,72.9238848,0.0009244,90,208.951049,138.4615,Gen2_User_Typical_SM,Gen2_Feeder_Typical
Inclined,63,6,8,1335,72.9238848,0.0009244,90,241.6783217,138.4615,Gen2_User_Typical_SM,Gen2_Feeder_Typical
Inclined,64,6,9,1335,72.9238848,0.0009244,90,274.4055944,138.4615,Gen2_User_Typical_SM,Gen2_Feeder_Typical
Inclined,65,6,10,1335,72.9238848,0.0009244,90,307.1328671,138.4615,Gen2_User_Typical_SM,Gen2_Feeder_Typical
Inclined,66,6,11,1335,72.9238848,0.0009244,90,339.8601399,138.4615,Gen2_User_Typical_SM,Gen2_Feeder_Typical
Inclined,67,7,1,1335,72.9238848,0.0009244,90,15.1048951,166.1538,Gen2_User_Typical_SM,Gen2_Feeder_Typical
Inclined,68,7,2,1335,72.9238848,0.0009244,90,47.83216783,166.1538,Gen2_User_Typical_SM,Gen2_Feeder_Typical
Inclined,69,7,3,1335,72.9238848,0.0009244,90,80.55944056,166.1538,Gen2_User_Typical_SM,Gen2_Feeder_Typical
Inclined,70,7,4,1335,72.9238848,0.0009244,90,113.2867133,166.1538,Gen2_User_Typical_SM,Gen2_Feeder_Typical
Inclined,71,7,5,1335,72.9238848,0.0009244,90,146.013986,166.1538,Gen2_User_Typical_SM,Gen2_Feeder_Typical
Inclined,72,7,6,1335,72.9238848,0.0009244,90,178.7412587,166.1538,Gen2_User_Typical_SM,Gen2_Feeder_Typical
Inclined,73,7,7,1335,72.9238848,0.0009244,90,211.4685315,166.1538,Gen2_User_Typical_SM,Gen2_Feeder_Typical
Inclined,74,7,8,1335,72.9238848,0.0009244,90,244.1958042,166.1538,Gen2_User_Typical_SM,Gen2_Feeder_Typical
Inclined,75,7,9,1335,72.9238848,0.0009244,90,276.9230769,166.1538,Gen2_User_Typical_SM,Gen2_Feeder_Typical
Inclined,76,7,10,1335,72.9238848,0.0009244,90,309.6503497,166.1538,Gen2_User_Typical_SM,Gen2_Feeder_Typical
Inclined,77,7,11,1335,72.9238848,0.0009244,90,342.3776224,166.1538,Gen2_User_Typical_SM,Gen2_Feeder_Typical
Inclined,78,8,1,1335,72.9238848,0.0009244,90,17.62237762,193.8461,Gen2_User_Typical_SM,Gen2_Feeder_Typical
Inclined,79,8,2,1335,72.9238848,0.0009244,90,50.34965035,193.8461,Gen2_User_Typical_SM,Gen2_Feeder_Typical
Inclined,80,8,3,1335,72.9238848,0.0009244,90,83.07692308,193.8461,Gen2_User_Typical_SM,Gen2_Feeder_Typical
Inclined,81,8,4,1335,72.9238848,0.0009244,90,115.8041958,193.8461,Gen2_User_Typical_SM,Gen2_Feeder_Typical
Inclined,82,8,5,1335,72.9238848,0.0009244,90,148.5314685,193.8461,Gen2_User_Typical_SM,Gen2_Feeder_Typical
Inclined,83,8,6,1335,72.9238848,0.0009244,90,181.2587413,193.8461,Gen2_User_Typical_SM,Gen2_Feeder_Typical
Inclined,84,8,7,1335,72.9238848,0.0009244,90,213.986014,193.8461,Gen2_User_Typical_SM,Gen2_Feeder_Typical
Inclined,85,8,8,1335,72.9238848,0.0009244,90,246.7132867,193.8461,Gen2_User_Typical_SM,Gen2_Feeder_Typical
Inclined,86,8,9,1335,72.9238848,0.0009244,90,279.4405594,193.8461,Gen2_User_Typical_SM,Gen2_Feeder_Typical
Inclined,87,8,10,1335,72.9238848,0.0009244,90,312.1678322,193.8461,Gen2_User_Typical_SM,Gen2_Feeder_Typical
Inclined,88,8,11,1335,72.9238848,0.0009244,90,344.8951049,193.8461,Gen2_User_Typical_SM,Gen2_Feeder_Typical
Inclined,89,9,1,1335,72.9238848,0.0009244,90,20.13986014,221.5384,Gen2_User_Typical_SM,Gen2_Feeder_Typical
Inclined,90,9,2,1335,72.9238848,0.0009244,90,52.86713287,221.5384,Gen2_User_Typical_SM,Gen2_Feeder_Typical
Inclined,91,9,3,1335,72.9238848,0.0009244,90,85.59440559,221.5384,Gen2_User_Typical_SM,Gen2_Feeder_Typical
Inclined,92,9,4,1335,72.9238848,0.0009244,90,118.3216783,221.5384,Gen2_User_Typical_SM,Gen2_Feeder_Typical
Inclined,93,9,5,1335,72.9238848,0.0009244,90,151.048951,221.5384,Gen2_User_Typical_SM,Gen2_Feeder_Typical
Inclined,94,9,6,1335,72.9238848,0.0009244,90,183.7762238,221.5384,Gen2_User_Typical_SM,Gen2_Feeder_Typical
Inclined,95,9,7,1335,72.9238848,0.0009244,90,216.5034965,221.5384,Gen2_User_Typical_SM,Gen2_Feeder_Typical
Inclined,96,9,8,1335,72.9238848,0.0009244,90,249.2307692,221.5384,Gen2_User_Typical_SM,Gen2_Feeder_Typical
Inclined,97,9,9,1335,72.9238848,0.0009244,90,281.958042,221.5384,Gen2_User_Typical_SM,Gen2_Feeder_Typical
Inclined,98,9,10,1335,72.9238848,0.0009244,90,314.6853147,221.5384,Gen2_User_Typical_SM,Gen2_Feeder_Typical
Inclined,99,9,11,1335,72.9238848,0.0009244,90,347.4125874,221.5384,Gen2_User_Typical_SM,Gen2_Feeder_Typical
Inclined,100,10,1,1335,72.9238848,0.0009244,90,22.65734266,249.2307,Gen2_User_Typical_SM,Gen2_Feeder_Typical
Inclined,101,10,2,1335,72.9238848,0.0009244,90,55.38461538,249.2307,Gen2_User_Typical_SM,Gen2_Feeder_Typical
Inclined,102,10,3,1335,72.9238848,0.0009244,90,88.11188811,249.2307,Gen2_User_Typical_SM,Gen2_Feeder_Typical
Inclined,103,10,4,1335,72.9238848,0.0009244,90,120.8391608,249.2307,Gen2_User_Typical_SM,Gen2_Feeder_Typical
Inclined,104,10,5,1335,72.9238848,0.0009244,90,153.5664336,249.2307,Gen2_User_Typical_SM,Gen2_Feeder_Typical
Inclined,105,10,6,1335,72.9238848,0.0009244,90,186.2937063,249.2307,Gen2_User_Typical_SM,Gen2_Feeder_Typical
Inclined,106,10,7,1335,72.9238848,0.0009244,90,219.020979,249.2307,Gen2_User_Typical_SM,Gen2_Feeder_Typical
Inclined,107,10,8,1335,72.9238848,0.0009244,90,251.7482517,249.2307,Gen2_User_Typical_SM,Gen2_Feeder_Typical
Inclined,108,10,9,1335,72.9238848,0.0009244,90,284.4755245,249.2307,Gen2_User_Typical_SM,Gen2_Feeder_Typical
Inclined,109,10,10,1335,72.9238848,0.0009244,90,317.2027972,249.2307,Gen2_User_Typical_SM,Gen2_Feeder_Typical
Inclined,110,10,11,1335,72.9238848,0.0009244,90,349.9300699,249.2307,Gen2_User_Typical_SM,Gen2_Feeder_Typical
Inclined,111,11,1,1335,72.9238848,0.0009244,90,25.17482517,276.923,Gen2_User_Typical_SM,Gen2_Feeder_Typical
Inclined,112,11,2,1335,72.9238848,0.0009244,90,57.9020979,276.923,Gen2_User_Typical_SM,Gen2_Feeder_Typical
Inclined,113,11,3,1335,72.9238848,0.0009244,90,90.62937063,276.923,Gen2_User_Typical_SM,Gen2_Feeder_Typical
Inclined,114,11,4,1335,72.9238848,0.0009244,90,123.3566434,276.923,Gen2_User_Typical_SM,Gen2_Feeder_Typical
Inclined,115,11,5,1335,72.9238848,0.0009244,90,156.0839161,276.923,Gen2_User_Typical_SM,Gen2_Feeder_Typical
Inclined,116,11,6,1335,72.9238848,0.0009244,90,188.8111888,276.923,Gen2_User_Typical_SM,Gen2_Feeder_Typical
Inclined,117,11,7,1335,72.9238848,0.0009244,90,221.5384615,276.923,Gen2_User_Typical_SM,Gen2_Feeder_Typical
Inclined,118,11,8,1335,72.9238848,0.0009244,90,254.2657343,276.923,Gen2_User_Typical_SM,Gen2_Feeder_Typical
Inclined,119,11,9,1335,72.9238848,0.0009244,90,286.993007,276.923,Gen2_User_Typical_SM,Gen2_Feeder_Typical
Inclined,120,11,10,1335,72.9238848,0.0009244,90,319.7202797,276.923,Gen2_User_Typical_SM,Gen2_Feeder_Typical
Inclined,121,11,11,1335,72.9238848,0.0009244,90,352.4475524,276.923,Gen2_User_Typical_SM,Gen2_Feeder_Typical
Inclined,122,12,1,1335,72.9238848,0.0009244,90,27.69230769,304.6153,Gen2_User_Typical_SM,Gen2_Feeder_Typical
Inclined,123,12,2,1335,72.9238848,0.0009244,90,60.41958042,304.6153,Gen2_User_Typical_SM,Gen2_Feeder_Typical
Inclined,124,12,3,1335,72.9238848,0.0009244,90,93.14685315,304.6153,Gen2_User_Typical_SM,Gen2_Feeder_Typical
Inclined,125,12,4,1335,72.9238848,0.0009244,90,125.8741259,304.6153,Gen2_User_Typical_SM,Gen2_Feeder_Typical
Inclined,126,12,5,1335,72.9238848,0.0009244,90,158.6013986,304.6153,Gen2_User_Typical_SM,Gen2_Feeder_Typical
Inclined,127,12,6,1335,72.9238848,0.0009244,90,191.3286713,304.6153,Gen2_User_Typical_SM,Gen2_Feeder_Typical
Inclined,128,12,7,1335,72.9238848,0.0009244,90,224.0559441,304.6153,Gen2_User_Typical_SM,Gen2_Feeder_Typical
Inclined,129,12,8,1335,72.9238848,0.0009244,90,256.7832168,304.6153,Gen2_User_Typical_SM,Gen2_Feeder_Typical
Inclined,130,12,9,1335,72.9238848,0.0009244,90,289.5104895,304.6153,Gen2_User_Typical_SM,Gen2_Feeder_Typical
Inclined,131,12,10,1335,72.9238848,0.0009244,90,322.2377622,304.6153,Gen2_User_Typical_SM,Gen2_Feeder_Typical
Inclined,132,12,11,1335,72.9238848,0.0009244,90,354.965035,304.6153,Gen2_User_Typical_SM,Gen2_Feeder_Typical
Inclined,133,13,1,1335,72.9238848,0.0009244,90,30.20979021,332.3076,Gen2_User_Typical_SM,Gen2_Feeder_Typical
Inclined,134,13,2,1335,72.9238848,0.0009244,90,62.93706294,332.3076,Gen2_User_Typical_SM,Gen2_Feeder_Typical
Inclined,135,13,3,1335,72.9238848,0.0009244,90,95.66433566,332.3076,Gen2_User_Typical_SM,Gen2_Feeder_Typical
Inclined,136,13,4,1335,72.9238848,0.0009244,90,128.3916084,332.3076,Gen2_User_Typical_SM,Gen2_Feeder_Typical
Inclined,137,13,5,1335,72.9238848,0.0009244,90,161.1188811,332.3076,Gen2_User_Typical_SM,Gen2_Feeder_Typical
Inclined,138,13,6,1335,72.9238848,0.0009244,90,193.8461538,332.3076,Gen2_User_Typical_SM,Gen2_Feeder_Typical
Inclined,139,13,7,1335,72.9238848,0.0009244,90,226.5734266,332.3076,Gen2_User_Typical_SM,Gen2_Feeder_Typical
Inclined,140,13,8,1335,72.9238848,0.0009244,90,259.3006993,332.3076,Gen2_User_Typical_SM,Gen2_Feeder_Typical
Inclined,141,13,9,1335,72.9238848,0.0009244,90,292.027972,332.3076,Gen2_User_Typical_SM,Gen2_Feeder_Typical
Inclined,142,13,10,1335,72.9238848,0.0009244,90,324.7552448,332.3076,Gen2_User_Typical_SM,Gen2_Feeder_Typical
Inclined,143,13,11,1335,72.9238848,0.0009244,90,357.4825175,332.3076,Gen2_User_Typical_SM,Gen2_Feeder_Typical
