PoP,LS,Latency [ms],Lat,Long,Max Active Antennas,TerminalType
Anchorage,Talkeetna,2,62.33,-150.04,3,P390-160W
Ashburn,"Charleston, SC",2,32.67,-80,6,P390-160W
Ashburn,Iron Mountain,2,41.092,-79.917,6,P390-160W
Ashburn,Sargeantsville,2,40.44,-74.95,6,P390-160W
Ashburn,"Sebring, FL",2,27.46,-81.36,6,P390-160W
Ashburn,Thomaston,2,32.947,-84.262,6,P390-160W
Ashburn,Wise DP,2,36.977,-82.531,6,P390-160W
Ashburn,Roberts,2,40.622,-88.176,6,P390-160W
Calgary,Acheson,2,53.55,-113.79,5,P390-160W
Calgary,High River,2,50.6,-113.97,5,P390-160W
Calgary,Kamloops,2,50.67,-120.37,5,P390-160W
Calgary,Prince Albert,2,53.21,-105.93,5,P390-160W
Dubai,Abu Dhabi,2,24.44,54.83,4,P390-160W
Dubai,Al Jazirah,2,25.69,55.81,4,P390-160W
Dubai,Al Ruways,2,24.1,52.73,4,P390-160W
Dubai,Doha Qatar,2,25.22,51.41,4,P390-160W
Dubai,"Jeddah, Saudi Arabia",2,21.39,39.38,4,P390-160W
Dubai,"Riyadh, Saudi Arabia",2,24.43,46.59,4,P390-160W
Dubai,Cairo,2,30.01,31.35,4,P390-160W
Johannesburg,Cape Town,2,-33.8,18.54,4,P390-160W
Johannesburg,Durban ,2,-29.78,30.99,4,P390-160W
Johannesburg,Gabarone BIH,2,-24.59,25.91,4,P390-160W
Johannesburg,Hartebeesthoek,2,-25.91,27.73,4,P390-160W
Johannesburg,Maputo,2,-25.95,32.6,4,P390-160W
Johannesburg,Windhoek,2,-22.54,17.21,4,P390-160W
Lima,Arica,2,-18.397,-70.295,5,P390-160W
Lima,Lurin,2,-12.287,-76.847,5,P390-160W
Lima,Salinas,2,-2.229,-80.945,5,P390-160W
Lima,Trujillo,2,-8.127,-79.009,5,P390-160W
Los Angeles,Baker,2,35.13,-116.21,4,P390-160W
Los Angeles,"Castle Rock, CO",2,39.27,-104.79,4,P390-160W
Los Angeles,Los Lunas,2,34.8,-106.81,4,P390-160W
Los Angeles,"Reno, Nevada",2,39.55,-119.5,4,P390-160W
Los Angeles,Site218,2,38.76,-122.5,4,P390-160W
Los Angeles,St. George,2,37.08,-113.6,4,P390-160W
Los Angeles,Wenden,2,34.09,-113.62,4,P390-160W
Marseille,Armuna de Tajuna,2,40.54,-3.03,6,P390-160W
Marseille,Fucino,2,41.98,13.6,6,P390-160W
Marseille,"Psary, Poland",2,50.93,20.86,6,P390-160W
Marseille,Raisting-DLR,2,47.88,11.08,6,P390-160W
Marseille,Rugby,2,52.36,-1.33,6,P390-160W
Marseille,Santander Teleport,2,43.45,-3.88,6,P390-160W
Marseille,Seixal,2,38.6,-9.16,6,P390-160W
Melbourne,Adelaide,2,-34.82,138.62,4,P390-160W
Melbourne,Benalla,2,-36.52,146.02,4,P390-160W
Melbourne,Dimboola,2,-36.46,142.06,4,P390-160W
Melbourne,Milvale,2,-34.32,147.92,4,P390-160W
Melbourne,Oxford Falls,2,-33.73,151.23,4,P390-160W
Mumbai,Chennai GF,2,13.165,80.094,6,P390-160W
Mumbai,Ernet GF,2,28.675,77.249,6,P390-160W
Mumbai,Pune,2,18.599,73.866,6,P390-160W
Novosibirsk,Novosibirsk-2,2,55.08,82.23,6,P390-160W
Novosibirsk,Omsk GF,2,54.996,73.524,6,P390-160W
Dubai,"Amman, Jordan",2,32.064,36.294,6,P390-160W
Dubai,Kuwait,2,29.196,47.802,6,P390-160W
Sao Paulo,Belo Horizonte,2,-19.95,-43.48,5,P390-160W
Sao Paulo,Itajai,2,-26.92,-48.72,5,P390-160W
Sao Paulo,Itatiba,2,-22.97,-46.87,5,P390-160W
Sao Paulo,Porto Alegre,2,-29.86,-51.19,5,P390-160W
Sao Paulo,President Prudente,2,-22.15,-51.47,5,P390-160W
Sao Paulo,Uberlandia,2,-18.93,-48.18,5,P390-160W
Shanghai,Beijing/Miyun,2,40.45,116.86,5,P390-160W
Shanghai,Changzhou,2,31.88,119.93,5,P390-160W
Shanghai,"Chengdu, China",2,30.56,104.16,5,P390-160W
Shanghai,Macao,2,22.11,113.57,5,P390-160W
Shanghai,Shantou GF,2,23.32,116.43,5,P390-160W
Shanghai,Taizhou,2,28.67,121.2,5,P390-160W
Singapore,Bangkok,2,14.08,100.42,5,P390-160W
Singapore,Batam Bakti,2,1.09,103.94,5,P390-160W
Singapore,Indosat,2,-6.52,107.41,5,P390-160W
Singapore,Measat Banting,2,2.78,101.51,5,P390-160W
Singapore,Mempawah,2,0.36,108.96,5,P390-160W
Singapore,"Pagatan, Indonesia",2,-3.61,115.91,5,P390-160W
Singapore,Vung Tau,2,10.4,107.14,5,P390-160W
Tokyo,Chitose,2,42.77,141.62,5,P390-160W
Tokyo,Kitakyushu,2,33.92,130.77,5,P390-160W
Tokyo,Komejima,2,35.98,139.81,5,P390-160W
Tokyo,Osaka,2,34.86,135.51,5,P390-160W
Toronto,APK,2,44.17,-80.94,4,P390-160W
Toronto,Cantley,2,45.59,-75.81,4,P390-160W
Toronto,Kingston,2,44.21,-76.71,4,P390-160W
Toronto,Timmins,2,48.47,-81.43,4,P390-160W
Toronto,Victoriaville,2,46.1,-71.94,4,P390-160W
Lagos,"Abuja, Nigeria",2,8.99,7.39,4,P390-160W
Lagos,Accra,2,5.75,-0.31,4,P390-160W
Lagos,Along Kano,2,11.51,8.23,4,P390-160W
Lagos,"Biu, Nigeria",2,10.61,12.19,4,P390-160W
Lagos,Libreville,2,0.39,9.6,4,P390-160W
Lagos,Waputa Village,2,7.39,4.21,4,P390-160W
