PoP,number,Latitude [deg],Longitude [deg]
Calgary,1,51.0447,-114.0719
Toronto,2,43.6532,-79.3832
Anchorage,3,61.2174,-149.8631
Los Angeles,4,34.0522,-118.2437
Ashburn,5,39.0438,-77.4874
Sao Paulo,6,-23.5500,-46.6330
Lima,7,-12.0464,-77.0428
Marseille,8,43.2965,5.3698
Johannesburg,9,-26.2041,28.0473
Dubai,10,25.2048,55.2708
Mumbai,11,19.076,72.8777
Shanghai,12,31.2304,121.4737
Novosibirsk,13,54.9833,82.8964
Tokyo,14,35.6897,139.6922
Singapore,15,1.2903,103.8519
Melbourne,16,-37.8136,144.9631
Lagos,17,6.5244,3.3792
