{
    "scenarios" : [
        {
            "name" : "test-scenario-1",
            "description" : "Scenario-1 for testing"
        }
    ],

    "simulations" : [
        {
            "name" : "test-simulation-1",
            "scenario" : "test-scenario-1",
            "start-time" : "Tue, 23 Dec 2025 13:45:59 +0000",
            "end-time" : "Tue, 23 Dec 2025 13:46:19 +0000",
            "sla-cir-bps" : 27500
        },

        {
            "name" : "test-simulation-2",
            "scenario" : "test-scenario-1",
            "start-time" : "Sat, 27 Dec 2025 13:45:59 +0000",
            "end-time" : "Sat, 27 Dec 2025 13:46:19 +0000",
            "sla-cir-bps" : 27700
        }
    ],

    "analyses" : [
        {
            "name" : "test-analysis-1.1",
            "simulation" : "test-simulation-1",
            "start-time" : "Tue, 23 Dec 2025 13:45:59 +0000",
            "end-time" : "Tue, 23 Dec 2025 13:46:19 +0000",
            "resolution-ms" : 1000,
            "sla-cir-bps" : 27500,
            "ta-pairs" : [[0.4, 95.0], [0.3, 98.0], [0.2, 99.0], [0.1, 99.5]]
        },

        {
            "name" : "test-analysis-1.2",
            "simulation" : "test-simulation-1",
            "start-time" : "Tue, 23 Dec 2025 13:45:59 +0000",
            "end-time" : "Tue, 23 Dec 2025 13:46:19 +0000",
            "resolution-ms" : 2000,
            "sla-cir-bps" : 27600,
            "ta-pairs" : [[0.5, 95.0], [0.3, 99.0], [0.2, 99.5]]
        },
        
        {
            "name" : "test-analysis-2",
            "simulation" : "test-simulation-2",
            "start-time" : "Sat, 27 Dec 2025 13:45:59 +0000",
            "end-time" : "Sat, 27 Dec 2025 13:46:19 +0000",
            "resolution-ms" : 1000,
            "sla-cir-bps" : 27700,
            "ta-pairs" : [[0.3, 98.0], [0.2, 99.0], [0.1, 99.5]]
        }
    ]

}